tool,device,variant,cpu_threads,case_id,size,blobiness,porosity_target,porosity,nnodes,knob_name,knob,tau,tau_ref,rel_error,time_s,tau_spread,repeats,stop_reason,host,measured_at,note
taufactor,gpu,sor,1,n40_b050_p020,40,0.5,0.2,0.160094,10246,iters,1,1.417418003,7.777691081,0.8177585111,0.0005903999554,0,3,,CP6K1WQJ4,2026-08-10T12:47:12,
taufactor,gpu,sor,1,n40_b050_p020,40,0.5,0.2,0.160094,10246,iters,2,1.836769342,7.777691081,0.7638413093,0.0006867999909,0,3,,CP6K1WQJ4,2026-08-10T12:47:12,
taufactor,gpu,sor,1,n40_b050_p020,40,0.5,0.2,0.160094,10246,iters,3,2.406291246,7.777691081,0.6906162483,0.0007486999966,0,3,,CP6K1WQJ4,2026-08-10T12:47:12,
taufactor,gpu,sor,1,n40_b050_p020,40,0.5,0.2,0.160094,10246,iters,6,6.660857677,7.777691081,0.1435944668,0.001196300029,0,3,,CP6K1WQJ4,2026-08-10T12:47:12,
taufactor,gpu,sor,1,n40_b050_p020,40,0.5,0.2,0.160094,10246,iters,10,8.437522888,7.777691081,0.08483646372,0.001578900032,0,3,,CP6K1WQJ4,2026-08-10T12:47:12,
taufactor,gpu,sor,1,n40_b050_p020,40,0.5,0.2,0.160094,10246,iters,18,5.729074478,7.777691081,0.2633964992,0.002602400025,0,3,,CP6K1WQJ4,2026-08-10T12:47:12,
taufactor,gpu,sor,1,n40_b050_p020,40,0.5,0.2,0.160094,10246,iters,33,6.222873211,7.777691081,0.199907383,0.004623900051,0,3,,CP6K1WQJ4,2026-08-10T12:47:12,
taufactor,gpu,sor,1,n40_b050_p020,40,0.5,0.2,0.160094,10246,iters,59,6.193717003,7.777691081,0.2036560801,0.007828200003,0,3,,CP6K1WQJ4,2026-08-10T12:47:12,
taufactor,gpu,sor,1,n40_b050_p020,40,0.5,0.2,0.160094,10246,iters,106,6.565342903,7.777691081,0.1558750747,0.01518930006,0,3,,CP6K1WQJ4,2026-08-10T12:47:12,
taufactor,gpu,sor,1,n40_b050_p020,40,0.5,0.2,0.160094,10246,iters,189,6.916754246,7.777691081,0.1106931127,0.02287980006,0,3,,CP6K1WQJ4,2026-08-10T12:47:12,
taufactor,gpu,sor,1,n40_b050_p020,40,0.5,0.2,0.160094,10246,iters,339,7.187628746,7.777691081,0.07586600301,0.04261999996,0,3,,CP6K1WQJ4,2026-08-10T12:47:12,
taufactor,gpu,sor,1,n40_b050_p020,40,0.5,0.2,0.160094,10246,iters,607,7.476578712,7.777691081,0.03871487893,0.07735889999,0,3,,CP6K1WQJ4,2026-08-10T12:47:13,
taufactor,gpu,sor,1,n40_b050_p020,40,0.5,0.2,0.160094,10246,iters,1086,7.689779282,7.777691081,0.01130307163,0.1396147001,0,3,,CP6K1WQJ4,2026-08-10T12:47:13,
taufactor,gpu,sor,1,n40_b050_p020,40,0.5,0.2,0.160094,10246,iters,1945,7.768369198,7.777691081,0.001198541194,0.2580488001,0,3,,CP6K1WQJ4,2026-08-10T12:47:14,
taufactor,gpu,sor,1,n40_b050_p020,40,0.5,0.2,0.160094,10246,iters,3484,7.777613163,7.777691081,1.001814096e-05,0.4640843,0,3,target_reached,CP6K1WQJ4,2026-08-10T12:47:15,
taufactor,gpu,sor,1,n40_b050_p040,40,0.5,0.4,0.378141,24201,iters,1,1.269721866,2.97376195,0.5730250481,0.0005044999998,0,3,,CP6K1WQJ4,2026-08-10T12:47:15,
taufactor,gpu,sor,1,n40_b050_p040,40,0.5,0.4,0.378141,24201,iters,2,1.49223721,2.97376195,0.4981988352,0.0006343999412,0,3,,CP6K1WQJ4,2026-08-10T12:47:15,
taufactor,gpu,sor,1,n40_b050_p040,40,0.5,0.4,0.378141,24201,iters,3,1.722047806,2.97376195,0.4209194163,0.0007773999823,0,3,,CP6K1WQJ4,2026-08-10T12:47:15,
taufactor,gpu,sor,1,n40_b050_p040,40,0.5,0.4,0.378141,24201,iters,6,2.530746698,2.97376195,0.1489746856,0.001115699997,0,3,,CP6K1WQJ4,2026-08-10T12:47:15,
taufactor,gpu,sor,1,n40_b050_p040,40,0.5,0.4,0.378141,24201,iters,10,3.058413506,2.97376195,0.02846615061,0.001633699983,0,3,,CP6K1WQJ4,2026-08-10T12:47:15,
taufactor,gpu,sor,1,n40_b050_p040,40,0.5,0.4,0.378141,24201,iters,18,2.610771179,2.97376195,0.1220645018,0.002481000032,0,3,,CP6K1WQJ4,2026-08-10T12:47:15,
taufactor,gpu,sor,1,n40_b050_p040,40,0.5,0.4,0.378141,24201,iters,33,2.876847506,2.97376195,0.03258984615,0.004800099996,0,3,,CP6K1WQJ4,2026-08-10T12:47:15,
taufactor,gpu,sor,1,n40_b050_p040,40,0.5,0.4,0.378141,24201,iters,59,2.97891736,2.97376195,0.00173363248,0.007451599929,0,3,,CP6K1WQJ4,2026-08-10T12:47:15,
taufactor,gpu,sor,1,n40_b050_p040,40,0.5,0.4,0.378141,24201,iters,106,2.978532314,2.97376195,0.001604151368,0.01332959998,0,3,,CP6K1WQJ4,2026-08-10T12:47:15,
taufactor,gpu,sor,1,n40_b050_p040,40,0.5,0.4,0.378141,24201,iters,189,2.972175121,2.97376195,0.0005336098583,0.02519080008,0,3,target_reached,CP6K1WQJ4,2026-08-10T12:47:15,
taufactor,gpu,sor,1,n40_b050_p060,40,0.5,0.6,0.593719,37998,iters,1,1.161711097,1.698039353,0.3158514879,0.0005160999717,0,3,,CP6K1WQJ4,2026-08-10T12:47:15,
taufactor,gpu,sor,1,n40_b050_p060,40,0.5,0.6,0.593719,37998,iters,2,1.280168295,1.698039353,0.2460903261,0.000635500066,0,3,,CP6K1WQJ4,2026-08-10T12:47:15,
taufactor,gpu,sor,1,n40_b050_p060,40,0.5,0.6,0.593719,37998,iters,3,1.382473707,1.698039353,0.1858411852,0.000797500019,0,3,,CP6K1WQJ4,2026-08-10T12:47:15,
taufactor,gpu,sor,1,n40_b050_p060,40,0.5,0.6,0.593719,37998,iters,6,1.647025466,1.698039353,0.03004281788,0.001101100002,0,3,,CP6K1WQJ4,2026-08-10T12:47:15,
taufactor,gpu,sor,1,n40_b050_p060,40,0.5,0.6,0.593719,37998,iters,10,1.766452789,1.698039353,0.04028966477,0.001614999957,0,3,,CP6K1WQJ4,2026-08-10T12:47:15,
taufactor,gpu,sor,1,n40_b050_p060,40,0.5,0.6,0.593719,37998,iters,18,1.673967123,1.698039353,0.01417648532,0.002492900006,0,3,,CP6K1WQJ4,2026-08-10T12:47:15,
taufactor,gpu,sor,1,n40_b050_p060,40,0.5,0.6,0.593719,37998,iters,33,1.696880341,1.698039353,0.0006825592244,0.004485700047,0,3,target_reached,CP6K1WQJ4,2026-08-10T12:47:16,
taufactor,gpu,sor,1,n40_b050_p080,40,0.5,0.8,0.808656,51754,iters,1,1.076250672,1.239342963,0.1315957693,0.0004840999609,0,3,,CP6K1WQJ4,2026-08-10T12:47:16,
taufactor,gpu,sor,1,n40_b050_p080,40,0.5,0.8,0.808656,51754,iters,2,1.125427246,1.239342963,0.09191621715,0.0006822999567,0,3,,CP6K1WQJ4,2026-08-10T12:47:16,
taufactor,gpu,sor,1,n40_b050_p080,40,0.5,0.8,0.808656,51754,iters,3,1.161162138,1.239342963,0.06308247785,0.000855899998,0,3,,CP6K1WQJ4,2026-08-10T12:47:16,
taufactor,gpu,sor,1,n40_b050_p080,40,0.5,0.8,0.808656,51754,iters,6,1.23361516,1.239342963,0.004621644841,0.001285200007,0,3,,CP6K1WQJ4,2026-08-10T12:47:16,
taufactor,gpu,sor,1,n40_b050_p080,40,0.5,0.8,0.808656,51754,iters,10,1.257850409,1.239342963,0.01493327199,0.001788299996,0,3,,CP6K1WQJ4,2026-08-10T12:47:16,
taufactor,gpu,sor,1,n40_b050_p080,40,0.5,0.8,0.808656,51754,iters,18,1.245398164,1.239342963,0.004885815288,0.002406499931,0,3,,CP6K1WQJ4,2026-08-10T12:47:16,
taufactor,gpu,sor,1,n40_b050_p080,40,0.5,0.8,0.808656,51754,iters,33,1.235264182,1.239342963,0.003291083284,0.004784799996,0,3,,CP6K1WQJ4,2026-08-10T12:47:16,
taufactor,gpu,sor,1,n40_b050_p080,40,0.5,0.8,0.808656,51754,iters,59,1.240871072,1.239342963,0.001232999146,0.007982600015,0,3,,CP6K1WQJ4,2026-08-10T12:47:16,
taufactor,gpu,sor,1,n40_b050_p080,40,0.5,0.8,0.808656,51754,iters,106,1.238485456,1.239342963,0.0006919049146,0.01518639992,0,3,target_reached,CP6K1WQJ4,2026-08-10T12:47:16,
taufactor,gpu,sor,1,n40_b050_p095,40,0.5,0.95,0.952703,60973,iters,1,1.019569993,1.046326269,0.02557163743,0.0005383000243,0,3,,CP6K1WQJ4,2026-08-10T12:47:16,
taufactor,gpu,sor,1,n40_b050_p095,40,0.5,0.95,0.952703,60973,iters,2,1.030562401,1.046326269,0.01506592031,0.0006626000395,0,3,,CP6K1WQJ4,2026-08-10T12:47:16,
taufactor,gpu,sor,1,n40_b050_p095,40,0.5,0.95,0.952703,60973,iters,3,1.037421107,1.046326269,0.008510884197,0.0007521000225,0,3,,CP6K1WQJ4,2026-08-10T12:47:16,
taufactor,gpu,sor,1,n40_b050_p095,40,0.5,0.95,0.952703,60973,iters,6,1.047428727,1.046326269,0.001053646633,0.001139999949,0,3,,CP6K1WQJ4,2026-08-10T12:47:16,
taufactor,gpu,sor,1,n40_b050_p095,40,0.5,0.95,0.952703,60973,iters,10,1.05025351,1.046326269,0.003753362208,0.001818999997,0,3,,CP6K1WQJ4,2026-08-10T12:47:16,
taufactor,gpu,sor,1,n40_b050_p095,40,0.5,0.95,0.952703,60973,iters,18,1.047594547,1.046326269,0.001212125041,0.002489200095,0,3,,CP6K1WQJ4,2026-08-10T12:47:16,
taufactor,gpu,sor,1,n40_b050_p095,40,0.5,0.95,0.952703,60973,iters,33,1.045233011,1.046326269,0.001044853586,0.004538499983,0,3,,CP6K1WQJ4,2026-08-10T12:47:16,
taufactor,gpu,sor,1,n40_b050_p095,40,0.5,0.95,0.952703,60973,iters,59,1.046367645,1.046326269,3.954432274e-05,0.00762509997,0,3,target_reached,CP6K1WQJ4,2026-08-10T12:47:16,
taufactor,gpu,sor,1,n40_b100_p020,40,1,0.2,0.144531,9250,iters,1,2.150212049,20.6128871,0.8956860318,0.0005649999948,0,3,,CP6K1WQJ4,2026-08-10T12:47:16,
taufactor,gpu,sor,1,n40_b100_p020,40,1,0.2,0.144531,9250,iters,2,4.397053242,20.6128871,0.7866842611,0.0006640000502,0,3,,CP6K1WQJ4,2026-08-10T12:47:16,
taufactor,gpu,sor,1,n40_b100_p020,40,1,0.2,0.144531,9250,iters,3,8.436286926,20.6128871,0.5907275441,0.0007823000196,0,3,,CP6K1WQJ4,2026-08-10T12:47:16,
taufactor,gpu,sor,1,n40_b100_p020,40,1,0.2,0.144531,9250,iters,6,9.899725914,20.6128871,0.519731231,0.00109070004,0,3,,CP6K1WQJ4,2026-08-10T12:47:16,
taufactor,gpu,sor,1,n40_b100_p020,40,1,0.2,0.144531,9250,iters,10,13.83918381,20.6128871,0.3286149708,0.001593200024,0,3,,CP6K1WQJ4,2026-08-10T12:47:16,
taufactor,gpu,sor,1,n40_b100_p020,40,1,0.2,0.144531,9250,iters,18,16.6699276,20.6128871,0.1912861349,0.002379599959,0,3,,CP6K1WQJ4,2026-08-10T12:47:16,
taufactor,gpu,sor,1,n40_b100_p020,40,1,0.2,0.144531,9250,iters,33,15.60597515,20.6128871,0.2429020217,0.004163700039,0,3,,CP6K1WQJ4,2026-08-10T12:47:16,
taufactor,gpu,sor,1,n40_b100_p020,40,1,0.2,0.144531,9250,iters,59,16.24895668,20.6128871,0.2117088401,0.008448100067,0,3,,CP6K1WQJ4,2026-08-10T12:47:16,
taufactor,gpu,sor,1,n40_b100_p020,40,1,0.2,0.144531,9250,iters,106,18.42059326,20.6128871,0.1063554963,0.01484830002,0,3,,CP6K1WQJ4,2026-08-10T12:47:16,
taufactor,gpu,sor,1,n40_b100_p020,40,1,0.2,0.144531,9250,iters,189,19.13647842,20.6128871,0.07162551606,0.02331760002,0,3,,CP6K1WQJ4,2026-08-10T12:47:16,
taufactor,gpu,sor,1,n40_b100_p020,40,1,0.2,0.144531,9250,iters,339,19.78133774,20.6128871,0.04034123691,0.04169760004,0,3,,CP6K1WQJ4,2026-08-10T12:47:16,
taufactor,gpu,sor,1,n40_b100_p020,40,1,0.2,0.144531,9250,iters,607,20.28414726,20.6128871,0.0159482675,0.08262649993,0,3,,CP6K1WQJ4,2026-08-10T12:47:17,
taufactor,gpu,sor,1,n40_b100_p020,40,1,0.2,0.144531,9250,iters,1086,20.54265404,20.6128871,0.003407240441,0.1478023001,0,3,,CP6K1WQJ4,2026-08-10T12:47:17,
taufactor,gpu,sor,1,n40_b100_p020,40,1,0.2,0.144531,9250,iters,1945,20.60819626,20.6128871,0.0002275683863,0.2612291999,0,3,target_reached,CP6K1WQJ4,2026-08-10T12:47:18,
taufactor,gpu,sor,1,n40_b100_p040,40,1,0.4,0.393984,25215,iters,1,1.67012167,3.907473992,0.5725827803,0.0006160000339,0,3,,CP6K1WQJ4,2026-08-10T12:47:18,
taufactor,gpu,sor,1,n40_b100_p040,40,1,0.4,0.393984,25215,iters,2,2.465722322,3.907473992,0.3689728127,0.0006975000724,0,3,,CP6K1WQJ4,2026-08-10T12:47:18,
taufactor,gpu,sor,1,n40_b100_p040,40,1,0.4,0.393984,25215,iters,3,3.22473979,3.907473992,0.174725207,0.0008490000619,0,3,,CP6K1WQJ4,2026-08-10T12:47:18,
taufactor,gpu,sor,1,n40_b100_p040,40,1,0.4,0.393984,25215,iters,6,3.66679883,3.907473992,0.06159354162,0.001485300018,0,3,,CP6K1WQJ4,2026-08-10T12:47:18,
taufactor,gpu,sor,1,n40_b100_p040,40,1,0.4,0.393984,25215,iters,10,3.969661951,3.907473992,0.01591513064,0.001758500002,0,3,,CP6K1WQJ4,2026-08-10T12:47:18,
taufactor,gpu,sor,1,n40_b100_p040,40,1,0.4,0.393984,25215,iters,18,3.950591803,3.907473992,0.01103470188,0.002807599958,0,3,,CP6K1WQJ4,2026-08-10T12:47:18,
taufactor,gpu,sor,1,n40_b100_p040,40,1,0.4,0.393984,25215,iters,33,3.790924311,3.907473992,0.02982737225,0.004799499991,0,3,,CP6K1WQJ4,2026-08-10T12:47:18,
taufactor,gpu,sor,1,n40_b100_p040,40,1,0.4,0.393984,25215,iters,59,3.881932735,3.907473992,0.006536513515,0.008476000046,0,3,,CP6K1WQJ4,2026-08-10T12:47:18,
taufactor,gpu,sor,1,n40_b100_p040,40,1,0.4,0.393984,25215,iters,106,3.903756857,3.907473992,0.0009512885023,0.01480660005,0,3,target_reached,CP6K1WQJ4,2026-08-10T12:47:18,
taufactor,gpu,sor,1,n40_b100_p060,40,1,0.6,0.598922,38331,iters,1,1.357057214,1.920767147,0.2934816613,0.0005775999743,0,3,,CP6K1WQJ4,2026-08-10T12:47:18,
taufactor,gpu,sor,1,n40_b100_p060,40,1,0.6,0.598922,38331,iters,2,1.642025352,1.920767147,0.1451200349,0.0007170999888,0,3,,CP6K1WQJ4,2026-08-10T12:47:18,
taufactor,gpu,sor,1,n40_b100_p060,40,1,0.6,0.598922,38331,iters,3,1.84752202,1.920767147,0.0381332671,0.0008343999507,0,3,,CP6K1WQJ4,2026-08-10T12:47:18,
taufactor,gpu,sor,1,n40_b100_p060,40,1,0.6,0.598922,38331,iters,6,1.989273906,1.920767147,0.03566635282,0.001291700057,0,3,,CP6K1WQJ4,2026-08-10T12:47:18,
taufactor,gpu,sor,1,n40_b100_p060,40,1,0.6,0.598922,38331,iters,10,2.006142378,1.920767147,0.04444850641,0.001847300096,0,3,,CP6K1WQJ4,2026-08-10T12:47:18,
taufactor,gpu,sor,1,n40_b100_p060,40,1,0.6,0.598922,38331,iters,18,1.922357202,1.920767147,0.0008278226638,0.002976200078,0,3,target_reached,CP6K1WQJ4,2026-08-10T12:47:18,
taufactor,gpu,sor,1,n40_b100_p080,40,1,0.8,0.80275,51376,iters,1,1.160205364,1.299242156,0.1070137627,0.001171299955,0,3,,CP6K1WQJ4,2026-08-10T12:47:18,
taufactor,gpu,sor,1,n40_b100_p080,40,1,0.8,0.80275,51376,iters,2,1.255907297,1.299242156,0.03335395074,0.0006913000252,0,3,,CP6K1WQJ4,2026-08-10T12:47:18,
taufactor,gpu,sor,1,n40_b100_p080,40,1,0.8,0.80275,51376,iters,3,1.309219003,1.299242156,0.007678973991,0.000856300001,0,3,,CP6K1WQJ4,2026-08-10T12:47:18,
taufactor,gpu,sor,1,n40_b100_p080,40,1,0.8,0.80275,51376,iters,6,1.328261375,1.299242156,0.02233549712,0.001226800028,0,3,,CP6K1WQJ4,2026-08-10T12:47:18,
taufactor,gpu,sor,1,n40_b100_p080,40,1,0.8,0.80275,51376,iters,10,1.312472105,1.299242156,0.01018282001,0.001731000026,0,3,,CP6K1WQJ4,2026-08-10T12:47:18,
taufactor,gpu,sor,1,n40_b100_p080,40,1,0.8,0.80275,51376,iters,18,1.301492691,1.299242156,0.001732190593,0.002929499955,0,3,,CP6K1WQJ4,2026-08-10T12:47:18,
taufactor,gpu,sor,1,n40_b100_p080,40,1,0.8,0.80275,51376,iters,33,1.299428225,1.299242156,0.0001432131514,0.004548900062,0,3,target_reached,CP6K1WQJ4,2026-08-10T12:47:18,
taufactor,gpu,sor,1,n40_b100_p095,40,1,0.95,0.951516,60897,iters,1,1.03928113,1.060571272,0.02007422106,0.0005926000886,0,3,,CP6K1WQJ4,2026-08-10T12:47:18,
taufactor,gpu,sor,1,n40_b100_p095,40,1,0.95,0.951516,60897,iters,2,1.058842301,1.060571272,0.001630225782,0.0007209000178,0,3,,CP6K1WQJ4,2026-08-10T12:47:18,
taufactor,gpu,sor,1,n40_b100_p095,40,1,0.95,0.951516,60897,iters,3,1.065770268,1.060571272,0.004902071721,0.00086619996,0,3,,CP6K1WQJ4,2026-08-10T12:47:18,
taufactor,gpu,sor,1,n40_b100_p095,40,1,0.95,0.951516,60897,iters,6,1.064794302,1.060571272,0.003981844595,0.001211399911,0,3,,CP6K1WQJ4,2026-08-10T12:47:18,
taufactor,gpu,sor,1,n40_b100_p095,40,1,0.95,0.951516,60897,iters,10,1.061273217,1.060571272,0.0006618557562,0.001719500055,0,3,target_reached,CP6K1WQJ4,2026-08-10T12:47:18,
taufactor,gpu,sor,1,n40_b200_p040,40,2,0.4,0.409406,26202,iters,1,3.080425978,5.873380708,0.4755276167,0.0006072999677,0,3,,CP6K1WQJ4,2026-08-10T12:47:18,
taufactor,gpu,sor,1,n40_b200_p040,40,2,0.4,0.409406,26202,iters,2,5.567764282,5.873380708,0.05203415902,0.0007316999836,0,3,,CP6K1WQJ4,2026-08-10T12:47:18,
taufactor,gpu,sor,1,n40_b200_p040,40,2,0.4,0.409406,26202,iters,3,5.725613594,5.873380708,0.02515878355,0.0009693999309,0,3,,CP6K1WQJ4,2026-08-10T12:47:18,
taufactor,gpu,sor,1,n40_b200_p040,40,2,0.4,0.409406,26202,iters,6,6.435482025,5.873380708,0.09570319805,0.001147700008,0,3,,CP6K1WQJ4,2026-08-10T12:47:18,
taufactor,gpu,sor,1,n40_b200_p040,40,2,0.4,0.409406,26202,iters,10,6.478222847,5.873380708,0.1029802373,0.001566099934,0,3,,CP6K1WQJ4,2026-08-10T12:47:18,
taufactor,gpu,sor,1,n40_b200_p040,40,2,0.4,0.409406,26202,iters,18,6.456906796,5.873380708,0.09935097289,0.002632399905,0,3,,CP6K1WQJ4,2026-08-10T12:47:18,
taufactor,gpu,sor,1,n40_b200_p040,40,2,0.4,0.409406,26202,iters,33,5.838733196,5.873380708,0.005899074735,0.004404100007,0,3,,CP6K1WQJ4,2026-08-10T12:47:18,
taufactor,gpu,sor,1,n40_b200_p040,40,2,0.4,0.409406,26202,iters,59,5.865017891,5.873380708,0.001423850672,0.007431999897,0,3,,CP6K1WQJ4,2026-08-10T12:47:18,
taufactor,gpu,sor,1,n40_b200_p040,40,2,0.4,0.409406,26202,iters,106,5.904962063,5.873380708,0.005377031799,0.01972490002,0,3,,CP6K1WQJ4,2026-08-10T12:47:19,
taufactor,gpu,sor,1,n40_b200_p040,40,2,0.4,0.409406,26202,iters,189,5.874165535,5.873380708,0.0001336244,0.02627919998,0,3,target_reached,CP6K1WQJ4,2026-08-10T12:47:19,
taufactor,gpu,sor,1,n40_b200_p060,40,2,0.6,0.574922,36795,iters,1,2.03849721,2.634433831,0.2262105104,0.00062289997,0,3,,CP6K1WQJ4,2026-08-10T12:47:19,
taufactor,gpu,sor,1,n40_b200_p060,40,2,0.6,0.574922,36795,iters,2,2.800802708,2.634433831,0.06315166269,0.0007497000042,0,3,,CP6K1WQJ4,2026-08-10T12:47:19,
taufactor,gpu,sor,1,n40_b200_p060,40,2,0.6,0.574922,36795,iters,3,2.801546574,2.634433831,0.06343402543,0.000821200083,0,3,,CP6K1WQJ4,2026-08-10T12:47:19,
taufactor,gpu,sor,1,n40_b200_p060,40,2,0.6,0.574922,36795,iters,6,2.755899906,2.634433831,0.04610708902,0.001373799983,0,3,,CP6K1WQJ4,2026-08-10T12:47:19,
taufactor,gpu,sor,1,n40_b200_p060,40,2,0.6,0.574922,36795,iters,10,2.713711977,2.634433831,0.03009304886,0.001728000003,0,3,,CP6K1WQJ4,2026-08-10T12:47:19,
taufactor,gpu,sor,1,n40_b200_p060,40,2,0.6,0.574922,36795,iters,18,2.667030573,2.634433831,0.01237333863,0.002759599942,0,3,,CP6K1WQJ4,2026-08-10T12:47:19,
taufactor,gpu,sor,1,n40_b200_p060,40,2,0.6,0.574922,36795,iters,33,2.619548321,2.634433831,0.005650364057,0.004468300031,0,3,,CP6K1WQJ4,2026-08-10T12:47:19,
taufactor,gpu,sor,1,n40_b200_p060,40,2,0.6,0.574922,36795,iters,59,2.632610321,2.634433831,0.0006921828643,0.007980800001,0,3,target_reached,CP6K1WQJ4,2026-08-10T12:47:19,
taufactor,gpu,sor,1,n40_b200_p080,40,2,0.8,0.753375,48216,iters,1,1.424194098,1.55841681,0.08612760824,0.0005838000216,0,3,,CP6K1WQJ4,2026-08-10T12:47:19,
taufactor,gpu,sor,1,n40_b200_p080,40,2,0.8,0.753375,48216,iters,2,1.6354599,1.55841681,0.04943676776,0.0007259000558,0,3,,CP6K1WQJ4,2026-08-10T12:47:19,
taufactor,gpu,sor,1,n40_b200_p080,40,2,0.8,0.753375,48216,iters,3,1.631770492,1.55841681,0.04706935983,0.0008658999577,0,3,,CP6K1WQJ4,2026-08-10T12:47:19,
taufactor,gpu,sor,1,n40_b200_p080,40,2,0.8,0.753375,48216,iters,6,1.57921195,1.55841681,0.01334376026,0.001170500065,0,3,,CP6K1WQJ4,2026-08-10T12:47:19,
taufactor,gpu,sor,1,n40_b200_p080,40,2,0.8,0.753375,48216,iters,10,1.56077373,1.55841681,0.001512381195,0.001744500012,0,3,,CP6K1WQJ4,2026-08-10T12:47:19,
taufactor,gpu,sor,1,n40_b200_p080,40,2,0.8,0.753375,48216,iters,18,1.561677217,1.55841681,0.002092128025,0.00284109998,0,3,,CP6K1WQJ4,2026-08-10T12:47:19,
taufactor,gpu,sor,1,n40_b200_p080,40,2,0.8,0.753375,48216,iters,33,1.559256792,1.55841681,0.0005389970534,0.004838300054,0,3,target_reached,CP6K1WQJ4,2026-08-10T12:47:19,
taufactor,gpu,sor,1,n40_b200_p095,40,2,0.95,0.956656,61226,iters,1,1.055580378,1.066556886,0.01029153584,0.0005461000837,0,3,,CP6K1WQJ4,2026-08-10T12:47:19,
taufactor,gpu,sor,1,n40_b200_p095,40,2,0.95,0.956656,61226,iters,2,1.07522881,1.066556886,0.008130765854,0.0007029999979,0,3,,CP6K1WQJ4,2026-08-10T12:47:19,
taufactor,gpu,sor,1,n40_b200_p095,40,2,0.95,0.956656,61226,iters,3,1.074555278,1.066556886,0.007499264155,0.0007583000697,0,3,,CP6K1WQJ4,2026-08-10T12:47:19,
taufactor,gpu,sor,1,n40_b200_p095,40,2,0.95,0.956656,61226,iters,6,1.066953897,1.066556886,0.0003722365693,0.00103439996,0,3,target_reached,CP6K1WQJ4,2026-08-10T12:47:19,
taufactor,gpu,sor,1,n60_b050_p020,60,0.5,0.2,0.16544,35735,iters,1,1.241960049,5.765323759,0.7845810399,0.0006408999907,0,3,,CP6K1WQJ4,2026-08-10T12:47:19,
taufactor,gpu,sor,1,n60_b050_p020,60,0.5,0.2,0.16544,35735,iters,2,1.448155522,5.765323759,0.7488162707,0.0008626999334,0,3,,CP6K1WQJ4,2026-08-10T12:47:19,
taufactor,gpu,sor,1,n60_b050_p020,60,0.5,0.2,0.16544,35735,iters,3,1.665540099,5.765323759,0.7111107426,0.0009329000022,0,3,,CP6K1WQJ4,2026-08-10T12:47:19,
taufactor,gpu,sor,1,n60_b050_p020,60,0.5,0.2,0.16544,35735,iters,6,2.844956398,5.765323759,0.5065400458,0.001265699975,0,3,,CP6K1WQJ4,2026-08-10T12:47:19,
taufactor,gpu,sor,1,n60_b050_p020,60,0.5,0.2,0.16544,35735,iters,10,6.067856312,5.765323759,0.05247451235,0.001780699939,0,3,,CP6K1WQJ4,2026-08-10T12:47:19,
taufactor,gpu,sor,1,n60_b050_p020,60,0.5,0.2,0.16544,35735,iters,18,7.012841225,5.765323759,0.2163828985,0.002808199963,0,3,,CP6K1WQJ4,2026-08-10T12:47:19,
taufactor,gpu,sor,1,n60_b050_p020,60,0.5,0.2,0.16544,35735,iters,33,4.469512939,5.765323759,0.2247594192,0.005130599951,0,3,,CP6K1WQJ4,2026-08-10T12:47:19,
taufactor,gpu,sor,1,n60_b050_p020,60,0.5,0.2,0.16544,35735,iters,59,5.450392246,5.765323759,0.05462512184,0.00859360001,0,3,,CP6K1WQJ4,2026-08-10T12:47:19,
taufactor,gpu,sor,1,n60_b050_p020,60,0.5,0.2,0.16544,35735,iters,106,5.556203842,5.765323759,0.03627201621,0.01390400005,0,3,,CP6K1WQJ4,2026-08-10T12:47:19,
taufactor,gpu,sor,1,n60_b050_p020,60,0.5,0.2,0.16544,35735,iters,189,5.400624752,5.765323759,0.06325733336,0.02569179994,0,3,,CP6K1WQJ4,2026-08-10T12:47:20,
taufactor,gpu,sor,1,n60_b050_p020,60,0.5,0.2,0.16544,35735,iters,339,5.552650928,5.765323759,0.03688827192,0.04720329994,0,3,,CP6K1WQJ4,2026-08-10T12:47:20,
taufactor,gpu,sor,1,n60_b050_p020,60,0.5,0.2,0.16544,35735,iters,607,5.654651642,5.765323759,0.01919616691,0.0879681001,0,3,,CP6K1WQJ4,2026-08-10T12:47:20,
taufactor,gpu,sor,1,n60_b050_p020,60,0.5,0.2,0.16544,35735,iters,1086,5.731067657,5.765323759,0.005941748107,0.1421353,0,3,,CP6K1WQJ4,2026-08-10T12:47:20,
taufactor,gpu,sor,1,n60_b050_p020,60,0.5,0.2,0.16544,35735,iters,1945,5.761212349,5.765323759,0.0007131273514,0.2619597,0,3,target_reached,CP6K1WQJ4,2026-08-10T12:47:21,
taufactor,gpu,sor,1,n60_b050_p040,60,0.5,0.4,0.394208,85149,iters,1,1.159202218,2.357588362,0.5083101712,0.0006728000008,0,3,,CP6K1WQJ4,2026-08-10T12:47:21,
taufactor,gpu,sor,1,n60_b050_p040,60,0.5,0.4,0.394208,85149,iters,2,1.276375413,2.357588362,0.4586097244,0.0007602999685,0,3,,CP6K1WQJ4,2026-08-10T12:47:21,
taufactor,gpu,sor,1,n60_b050_p040,60,0.5,0.4,0.394208,85149,iters,3,1.387171984,2.357588362,0.411614001,0.0009182000067,0,3,,CP6K1WQJ4,2026-08-10T12:47:21,
taufactor,gpu,sor,1,n60_b050_p040,60,0.5,0.4,0.394208,85149,iters,6,1.772985458,2.357588362,0.2479664869,0.001270100009,0,3,,CP6K1WQJ4,2026-08-10T12:47:21,
taufactor,gpu,sor,1,n60_b050_p040,60,0.5,0.4,0.394208,85149,iters,10,2.268976688,2.357588362,0.03758572745,0.001680999994,0,3,,CP6K1WQJ4,2026-08-10T12:47:21,
taufactor,gpu,sor,1,n60_b050_p040,60,0.5,0.4,0.394208,85149,iters,18,2.529771328,2.357588362,0.07303351541,0.002610600088,0,3,,CP6K1WQJ4,2026-08-10T12:47:22,
taufactor,gpu,sor,1,n60_b050_p040,60,0.5,0.4,0.394208,85149,iters,33,2.394359827,2.357588362,0.01559706759,0.005411699996,0,3,,CP6K1WQJ4,2026-08-10T12:47:22,
taufactor,gpu,sor,1,n60_b050_p040,60,0.5,0.4,0.394208,85149,iters,59,2.414660692,2.357588362,0.02420792838,0.007624500082,0,3,,CP6K1WQJ4,2026-08-10T12:47:22,
taufactor,gpu,sor,1,n60_b050_p040,60,0.5,0.4,0.394208,85149,iters,106,2.363892555,2.357588362,0.00267400083,0.01433079992,0,3,,CP6K1WQJ4,2026-08-10T12:47:22,
taufactor,gpu,sor,1,n60_b050_p040,60,0.5,0.4,0.394208,85149,iters,189,2.34929204,2.357588362,0.003518986716,0.02576750005,0,3,,CP6K1WQJ4,2026-08-10T12:47:22,
taufactor,gpu,sor,1,n60_b050_p040,60,0.5,0.4,0.394208,85149,iters,339,2.356999874,2.357588362,0.0002496143493,0.04367359995,0,3,target_reached,CP6K1WQJ4,2026-08-10T12:47:22,
taufactor,gpu,sor,1,n60_b050_p060,60,0.5,0.6,0.601394,129901,iters,1,1.099759459,1.562012919,0.2959344663,0.0006784999277,0,3,,CP6K1WQJ4,2026-08-10T12:47:22,
taufactor,gpu,sor,1,n60_b050_p060,60,0.5,0.6,0.601394,129901,iters,2,1.167024016,1.562012919,0.2528717258,0.0007862000493,0,3,,CP6K1WQJ4,2026-08-10T12:47:22,
taufactor,gpu,sor,1,n60_b050_p060,60,0.5,0.6,0.601394,129901,iters,3,1.225624084,1.562012919,0.2153559874,0.0009230000433,0,3,,CP6K1WQJ4,2026-08-10T12:47:22,
taufactor,gpu,sor,1,n60_b050_p060,60,0.5,0.6,0.601394,129901,iters,6,1.395018458,1.562012919,0.106909782,0.001293899957,0,3,,CP6K1WQJ4,2026-08-10T12:47:22,
taufactor,gpu,sor,1,n60_b050_p060,60,0.5,0.6,0.601394,129901,iters,10,1.553689957,1.562012919,0.005328356913,0.001691299956,0,3,,CP6K1WQJ4,2026-08-10T12:47:22,
taufactor,gpu,sor,1,n60_b050_p060,60,0.5,0.6,0.601394,129901,iters,18,1.601515174,1.562012919,0.02528932663,0.002753200009,0,3,,CP6K1WQJ4,2026-08-10T12:47:22,
taufactor,gpu,sor,1,n60_b050_p060,60,0.5,0.6,0.601394,129901,iters,33,1.583271384,1.562012919,0.01360966032,0.004518799949,0,3,,CP6K1WQJ4,2026-08-10T12:47:22,
taufactor,gpu,sor,1,n60_b050_p060,60,0.5,0.6,0.601394,129901,iters,59,1.572414756,1.562012919,0.006659251466,0.007824199973,0,3,,CP6K1WQJ4,2026-08-10T12:47:22,
taufactor,gpu,sor,1,n60_b050_p060,60,0.5,0.6,0.601394,129901,iters,106,1.563509464,1.562012919,0.0009580876353,0.01421480009,0,3,target_reached,CP6K1WQJ4,2026-08-10T12:47:22,
taufactor,gpu,sor,1,n60_b050_p080,60,0.5,0.8,0.806704,174248,iters,1,1.047839761,1.211228401,0.1348949877,0.0006968000671,0,3,,CP6K1WQJ4,2026-08-10T12:47:22,
taufactor,gpu,sor,1,n60_b050_p080,60,0.5,0.8,0.806704,174248,iters,2,1.07813549,1.211228401,0.1098825874,0.0007981000235,0,3,,CP6K1WQJ4,2026-08-10T12:47:22,
taufactor,gpu,sor,1,n60_b050_p080,60,0.5,0.8,0.806704,174248,iters,3,1.101551056,1.211228401,0.09055050641,0.0008496999508,0,3,,CP6K1WQJ4,2026-08-10T12:47:23,
taufactor,gpu,sor,1,n60_b050_p080,60,0.5,0.8,0.806704,174248,iters,6,1.15885663,1.211228401,0.043238559,0.001413400052,0,3,,CP6K1WQJ4,2026-08-10T12:47:23,
taufactor,gpu,sor,1,n60_b050_p080,60,0.5,0.8,0.806704,174248,iters,10,1.206600308,1.211228401,0.003820990804,0.001884900033,0,3,,CP6K1WQJ4,2026-08-10T12:47:23,
taufactor,gpu,sor,1,n60_b050_p080,60,0.5,0.8,0.806704,174248,iters,18,1.225937366,1.211228401,0.0121438413,0.002976100077,0,3,,CP6K1WQJ4,2026-08-10T12:47:23,
taufactor,gpu,sor,1,n60_b050_p080,60,0.5,0.8,0.806704,174248,iters,33,1.217347264,1.211228401,0.005051783202,0.005354800029,0,3,,CP6K1WQJ4,2026-08-10T12:47:23,
taufactor,gpu,sor,1,n60_b050_p080,60,0.5,0.8,0.806704,174248,iters,59,1.215029836,1.211228401,0.003138495347,0.008694699965,0,3,,CP6K1WQJ4,2026-08-10T12:47:23,
taufactor,gpu,sor,1,n60_b050_p080,60,0.5,0.8,0.806704,174248,iters,106,1.214107394,1.211228401,0.002376920171,0.01479020005,0,3,,CP6K1WQJ4,2026-08-10T12:47:23,
taufactor,gpu,sor,1,n60_b050_p080,60,0.5,0.8,0.806704,174248,iters,189,1.211283922,1.211228401,4.583874964e-05,0.02561140002,0,3,target_reached,CP6K1WQJ4,2026-08-10T12:47:23,
taufactor,gpu,sor,1,n60_b050_p095,60,0.5,0.95,0.951421,205507,iters,1,1.012510419,1.041666895,0.02799021093,0.0006935999263,0,3,,CP6K1WQJ4,2026-08-10T12:47:23,
taufactor,gpu,sor,1,n60_b050_p095,60,0.5,0.95,0.951421,205507,iters,2,1.020374298,1.041666895,0.02044088855,0.0007990000304,0,3,,CP6K1WQJ4,2026-08-10T12:47:23,
taufactor,gpu,sor,1,n60_b050_p095,60,0.5,0.95,0.951421,205507,iters,3,1.025643945,1.041666895,0.01538202888,0.0008990999777,0,3,,CP6K1WQJ4,2026-08-10T12:47:23,
taufactor,gpu,sor,1,n60_b050_p095,60,0.5,0.95,0.951421,205507,iters,6,1.036053419,1.041666895,0.00538893567,0.001601699973,0,3,,CP6K1WQJ4,2026-08-10T12:47:23,
taufactor,gpu,sor,1,n60_b050_p095,60,0.5,0.95,0.951421,205507,iters,10,1.041804075,1.041666895,0.0001316930026,0.001781699946,0,3,target_reached,CP6K1WQJ4,2026-08-10T12:47:23,
taufactor,gpu,sor,1,n60_b100_p020,60,1,0.2,0.16356,35329,iters,1,1.597311616,12.08775833,0.8678570855,0.0006902000168,0,3,,CP6K1WQJ4,2026-08-10T12:47:23,
taufactor,gpu,sor,1,n60_b100_p020,60,1,0.2,0.16356,35329,iters,2,2.356165886,12.08775833,0.8050783428,0.0007902999641,0,3,,CP6K1WQJ4,2026-08-10T12:47:23,
taufactor,gpu,sor,1,n60_b100_p020,60,1,0.2,0.16356,35329,iters,3,3.449485064,12.08775833,0.7146298785,0.0009657999035,0,3,,CP6K1WQJ4,2026-08-10T12:47:23,
taufactor,gpu,sor,1,n60_b100_p020,60,1,0.2,0.16356,35329,iters,6,7.703773975,12.08775833,0.3626796826,0.001276999945,0,3,,CP6K1WQJ4,2026-08-10T12:47:23,
taufactor,gpu,sor,1,n60_b100_p020,60,1,0.2,0.16356,35329,iters,10,8.087405205,12.08775833,0.3309425136,0.001775600016,0,3,,CP6K1WQJ4,2026-08-10T12:47:23,
taufactor,gpu,sor,1,n60_b100_p020,60,1,0.2,0.16356,35329,iters,18,10.07440853,12.08775833,0.1665610566,0.002920500003,0,3,,CP6K1WQJ4,2026-08-10T12:47:23,
taufactor,gpu,sor,1,n60_b100_p020,60,1,0.2,0.16356,35329,iters,33,11.30495453,12.08775833,0.0647600473,0.00485050003,0,3,,CP6K1WQJ4,2026-08-10T12:47:23,
taufactor,gpu,sor,1,n60_b100_p020,60,1,0.2,0.16356,35329,iters,59,10.7286253,12.08775833,0.1124387993,0.007737700013,0,3,,CP6K1WQJ4,2026-08-10T12:47:23,
taufactor,gpu,sor,1,n60_b100_p020,60,1,0.2,0.16356,35329,iters,106,11.25723362,12.08775833,0.06870791818,0.01471439993,0,3,,CP6K1WQJ4,2026-08-10T12:47:24,
taufactor,gpu,sor,1,n60_b100_p020,60,1,0.2,0.16356,35329,iters,189,11.38641834,12.08775833,0.05802068243,0.02695500001,0,3,,CP6K1WQJ4,2026-08-10T12:47:24,
taufactor,gpu,sor,1,n60_b100_p020,60,1,0.2,0.16356,35329,iters,339,11.79889774,12.08775833,0.02389695251,0.05193770002,0,3,,CP6K1WQJ4,2026-08-10T12:47:24,
taufactor,gpu,sor,1,n60_b100_p020,60,1,0.2,0.16356,35329,iters,607,12.00741291,12.08775833,0.006646841982,0.09241110005,0,3,,CP6K1WQJ4,2026-08-10T12:47:24,
taufactor,gpu,sor,1,n60_b100_p020,60,1,0.2,0.16356,35329,iters,1086,12.07797813,12.08775833,0.0008090992207,0.1660851,0,3,target_reached,CP6K1WQJ4,2026-08-10T12:47:25,
taufactor,gpu,sor,1,n60_b100_p040,60,1,0.4,0.393463,84988,iters,1,1.369789124,3.093927994,0.5572653513,0.001041099895,0,3,,CP6K1WQJ4,2026-08-10T12:47:25,
taufactor,gpu,sor,1,n60_b100_p040,60,1,0.4,0.393463,84988,iters,2,1.721294641,3.093927994,0.4436539426,0.0009887000779,0,3,,CP6K1WQJ4,2026-08-10T12:47:25,
taufactor,gpu,sor,1,n60_b100_p040,60,1,0.4,0.393463,84988,iters,3,2.094684362,3.093927994,0.322969259,0.0009860000573,0,3,,CP6K1WQJ4,2026-08-10T12:47:25,
taufactor,gpu,sor,1,n60_b100_p040,60,1,0.4,0.393463,84988,iters,6,3.048093081,3.093927994,0.01481447324,0.001522599952,0,3,,CP6K1WQJ4,2026-08-10T12:47:25,
taufactor,gpu,sor,1,n60_b100_p040,60,1,0.4,0.393463,84988,iters,10,3.104143858,3.093927994,0.00330190747,0.002024099929,0,3,,CP6K1WQJ4,2026-08-10T12:47:25,
taufactor,gpu,sor,1,n60_b100_p040,60,1,0.4,0.393463,84988,iters,18,3.265755892,3.093927994,0.05553713536,0.002860600012,0,3,,CP6K1WQJ4,2026-08-10T12:47:25,
taufactor,gpu,sor,1,n60_b100_p040,60,1,0.4,0.393463,84988,iters,33,3.115722418,3.093927994,0.007044256968,0.004932899959,0,3,,CP6K1WQJ4,2026-08-10T12:47:25,
taufactor,gpu,sor,1,n60_b100_p040,60,1,0.4,0.393463,84988,iters,59,3.145715714,3.093927994,0.01673850187,0.008602599963,0,3,,CP6K1WQJ4,2026-08-10T12:47:25,
taufactor,gpu,sor,1,n60_b100_p040,60,1,0.4,0.393463,84988,iters,106,3.067655563,3.093927994,0.008491610243,0.01684150007,0,3,,CP6K1WQJ4,2026-08-10T12:47:25,
taufactor,gpu,sor,1,n60_b100_p040,60,1,0.4,0.393463,84988,iters,189,3.091476917,3.093927994,0.0007922216477,0.02682409994,0,3,target_reached,CP6K1WQJ4,2026-08-10T12:47:25,
taufactor,gpu,sor,1,n60_b100_p060,60,1,0.6,0.598583,129294,iters,1,1.217716455,1.783529327,0.3172433797,0.000676299911,0,3,,CP6K1WQJ4,2026-08-10T12:47:25,
taufactor,gpu,sor,1,n60_b100_p060,60,1,0.6,0.598583,129294,iters,2,1.382468224,1.783529327,0.2248693629,0.0008654000703,0,3,,CP6K1WQJ4,2026-08-10T12:47:25,
taufactor,gpu,sor,1,n60_b100_p060,60,1,0.6,0.598583,129294,iters,3,1.523339629,1.783529327,0.145884732,0.0009257000638,0,3,,CP6K1WQJ4,2026-08-10T12:47:25,
taufactor,gpu,sor,1,n60_b100_p060,60,1,0.6,0.598583,129294,iters,6,1.81021595,1.783529327,0.01496281704,0.001335300039,0,3,,CP6K1WQJ4,2026-08-10T12:47:25,
taufactor,gpu,sor,1,n60_b100_p060,60,1,0.6,0.598583,129294,iters,10,1.856770635,1.783529327,0.04106537893,0.001762400032,0,3,,CP6K1WQJ4,2026-08-10T12:47:26,
taufactor,gpu,sor,1,n60_b100_p060,60,1,0.6,0.598583,129294,iters,18,1.850047708,1.783529327,0.03729592755,0.002622400061,0,3,,CP6K1WQJ4,2026-08-10T12:47:26,
taufactor,gpu,sor,1,n60_b100_p060,60,1,0.6,0.598583,129294,iters,33,1.785278082,1.783529327,0.0009805024607,0.004346299917,0,3,target_reached,CP6K1WQJ4,2026-08-10T12:47:26,
taufactor,gpu,sor,1,n60_b100_p080,60,1,0.8,0.803301,173513,iters,1,1.103680611,1.259525585,0.1237330755,0.0006745000137,0,3,,CP6K1WQJ4,2026-08-10T12:47:26,
taufactor,gpu,sor,1,n60_b100_p080,60,1,0.8,0.803301,173513,iters,2,1.168848991,1.259525585,0.07199265714,0.0008648000658,0,3,,CP6K1WQJ4,2026-08-10T12:47:26,
taufactor,gpu,sor,1,n60_b100_p080,60,1,0.8,0.803301,173513,iters,3,1.214434862,1.259525585,0.03579976731,0.0009368000319,0,3,,CP6K1WQJ4,2026-08-10T12:47:26,
taufactor,gpu,sor,1,n60_b100_p080,60,1,0.8,0.803301,173513,iters,6,1.28248775,1.259525585,0.01823080478,0.001319600036,0,3,,CP6K1WQJ4,2026-08-10T12:47:26,
taufactor,gpu,sor,1,n60_b100_p080,60,1,0.8,0.803301,173513,iters,10,1.286842704,1.259525585,0.02168841915,0.003371199942,0,3,,CP6K1WQJ4,2026-08-10T12:47:26,
taufactor,gpu,sor,1,n60_b100_p080,60,1,0.8,0.803301,173513,iters,18,1.266611457,1.259525585,0.005625826069,0.002723400015,0,3,,CP6K1WQJ4,2026-08-10T12:47:26,
taufactor,gpu,sor,1,n60_b100_p080,60,1,0.8,0.803301,173513,iters,33,1.257993698,1.259525585,0.001216241177,0.004788100021,0,3,,CP6K1WQJ4,2026-08-10T12:47:26,
taufactor,gpu,sor,1,n60_b100_p080,60,1,0.8,0.803301,173513,iters,59,1.260720968,1.259525585,0.0009490742075,0.008016600041,0,3,target_reached,CP6K1WQJ4,2026-08-10T12:47:26,
taufactor,gpu,sor,1,n60_b100_p095,60,1,0.95,0.951356,205493,iters,1,1.027161241,1.054004111,0.02546751966,0.0007287000772,0,3,,CP6K1WQJ4,2026-08-10T12:47:26,
taufactor,gpu,sor,1,n60_b100_p095,60,1,0.95,0.951356,205493,iters,2,1.042157054,1.054004111,0.01124004824,0.0008110000053,0,3,,CP6K1WQJ4,2026-08-10T12:47:26,
taufactor,gpu,sor,1,n60_b100_p095,60,1,0.95,0.951356,205493,iters,3,1.050600886,1.054004111,0.003228853303,0.0009684999241,0,3,,CP6K1WQJ4,2026-08-10T12:47:26,
taufactor,gpu,sor,1,n60_b100_p095,60,1,0.95,0.951356,205493,iters,6,1.058984637,1.054004111,0.004725338553,0.001391099999,0,3,,CP6K1WQJ4,2026-08-10T12:47:26,
taufactor,gpu,sor,1,n60_b100_p095,60,1,0.95,0.951356,205493,iters,10,1.057106853,1.054004111,0.002943766062,0.001754699973,0,3,,CP6K1WQJ4,2026-08-10T12:47:26,
taufactor,gpu,sor,1,n60_b100_p095,60,1,0.95,0.951356,205493,iters,18,1.053844094,1.054004111,0.0001518179312,0.002890700009,0,3,target_reached,CP6K1WQJ4,2026-08-10T12:47:26,
taufactor,gpu,sor,1,n60_b200_p020,60,2,0.2,0.156361,33774,iters,1,2.887935638,31.26228079,0.9076223626,0.0006573999999,0,3,,CP6K1WQJ4,2026-08-10T12:47:26,
taufactor,gpu,sor,1,n60_b200_p020,60,2,0.2,0.156361,33774,iters,2,7.903364658,31.26228079,0.7471916809,0.0007460999768,0,3,,CP6K1WQJ4,2026-08-10T12:47:26,
taufactor,gpu,sor,1,n60_b200_p020,60,2,0.2,0.156361,33774,iters,3,13.48940468,31.26228079,0.5685086201,0.0009104999481,0,3,,CP6K1WQJ4,2026-08-10T12:47:26,
taufactor,gpu,sor,1,n60_b200_p020,60,2,0.2,0.156361,33774,iters,6,13.97008133,31.26228079,0.5531330096,0.001432999969,0,3,,CP6K1WQJ4,2026-08-10T12:47:26,
taufactor,gpu,sor,1,n60_b200_p020,60,2,0.2,0.156361,33774,iters,10,23.68481255,31.26228079,0.2423837306,0.002214999986,0,3,,CP6K1WQJ4,2026-08-10T12:47:26,
taufactor,gpu,sor,1,n60_b200_p020,60,2,0.2,0.156361,33774,iters,18,31.15546227,31.26228079,0.003416850028,0.002803900046,0,3,,CP6K1WQJ4,2026-08-10T12:47:26,
taufactor,gpu,sor,1,n60_b200_p020,60,2,0.2,0.156361,33774,iters,33,25.42484283,31.26228079,0.1867246345,0.004551299964,0,3,,CP6K1WQJ4,2026-08-10T12:47:26,
taufactor,gpu,sor,1,n60_b200_p020,60,2,0.2,0.156361,33774,iters,59,27.30787277,31.26228079,0.1264913473,0.009200199973,0,3,,CP6K1WQJ4,2026-08-10T12:47:27,
taufactor,gpu,sor,1,n60_b200_p020,60,2,0.2,0.156361,33774,iters,106,30.24885941,31.26228079,0.032416745,0.01470479998,0,3,,CP6K1WQJ4,2026-08-10T12:47:27,
taufactor,gpu,sor,1,n60_b200_p020,60,2,0.2,0.156361,33774,iters,189,29.52621078,31.26228079,0.05553241674,0.02558199991,0,3,,CP6K1WQJ4,2026-08-10T12:47:27,
taufactor,gpu,sor,1,n60_b200_p020,60,2,0.2,0.156361,33774,iters,339,30.28925133,31.26228079,0.03112471125,0.05148349993,0,3,,CP6K1WQJ4,2026-08-10T12:47:27,
taufactor,gpu,sor,1,n60_b200_p020,60,2,0.2,0.156361,33774,iters,607,30.9228096,31.26228079,0.0108588107,0.08208949992,0,3,,CP6K1WQJ4,2026-08-10T12:47:27,
taufactor,gpu,sor,1,n60_b200_p020,60,2,0.2,0.156361,33774,iters,1086,31.18962097,31.26228079,0.00232420081,0.1531870001,0,3,,CP6K1WQJ4,2026-08-10T12:47:28,
taufactor,gpu,sor,1,n60_b200_p020,60,2,0.2,0.156361,33774,iters,1945,31.25214958,31.26228079,0.0003240713037,0.2758633,0,3,target_reached,CP6K1WQJ4,2026-08-10T12:47:29,
taufactor,gpu,sor,1,n60_b200_p040,60,2,0.4,0.39963,86320,iters,1,1.980095506,4.055814338,0.511788425,0.001089199912,0,3,,CP6K1WQJ4,2026-08-10T12:47:29,
taufactor,gpu,sor,1,n60_b200_p040,60,2,0.4,0.39963,86320,iters,2,3.218704462,4.055814338,0.2063974843,0.001101100002,0,3,,CP6K1WQJ4,2026-08-10T12:47:29,
taufactor,gpu,sor,1,n60_b200_p040,60,2,0.4,0.39963,86320,iters,3,4.062082767,4.055814338,0.001545541527,0.0009133999702,0,3,,CP6K1WQJ4,2026-08-10T12:47:29,
taufactor,gpu,sor,1,n60_b200_p040,60,2,0.4,0.39963,86320,iters,6,4.083832741,4.055814338,0.006908206453,0.00130220002,0,3,,CP6K1WQJ4,2026-08-10T12:47:29,
taufactor,gpu,sor,1,n60_b200_p040,60,2,0.4,0.39963,86320,iters,10,4.345655918,4.055814338,0.07146322686,0.001883899909,0,3,,CP6K1WQJ4,2026-08-10T12:47:29,
taufactor,gpu,sor,1,n60_b200_p040,60,2,0.4,0.39963,86320,iters,18,4.339808941,4.055814338,0.07002159843,0.003160699969,0,3,,CP6K1WQJ4,2026-08-10T12:47:29,
taufactor,gpu,sor,1,n60_b200_p040,60,2,0.4,0.39963,86320,iters,33,4.141811848,4.055814338,0.02120351242,0.00449349999,0,3,,CP6K1WQJ4,2026-08-10T12:47:29,
taufactor,gpu,sor,1,n60_b200_p040,60,2,0.4,0.39963,86320,iters,59,4.065651894,4.055814338,0.002425543873,0.01076749992,0,3,,CP6K1WQJ4,2026-08-10T12:47:29,
taufactor,gpu,sor,1,n60_b200_p040,60,2,0.4,0.39963,86320,iters,106,4.05841589,4.055814338,0.0006414375815,0.01650759997,0,3,target_reached,CP6K1WQJ4,2026-08-10T12:47:29,
taufactor,gpu,sor,1,n60_b200_p060,60,2,0.6,0.596917,128934,iters,1,1.506897569,2.030411046,0.2578362043,0.0006775000365,0,3,,CP6K1WQJ4,2026-08-10T12:47:29,
taufactor,gpu,sor,1,n60_b200_p060,60,2,0.6,0.596917,128934,iters,2,1.920439005,2.030411046,0.05416245214,0.0009653999005,0,3,,CP6K1WQJ4,2026-08-10T12:47:29,
taufactor,gpu,sor,1,n60_b200_p060,60,2,0.6,0.596917,128934,iters,3,2.129229069,2.030411046,0.04866897417,0.001654100022,0,3,,CP6K1WQJ4,2026-08-10T12:47:29,
taufactor,gpu,sor,1,n60_b200_p060,60,2,0.6,0.596917,128934,iters,6,2.128837585,2.030411046,0.04847616429,0.001425000024,0,3,,CP6K1WQJ4,2026-08-10T12:47:29,
taufactor,gpu,sor,1,n60_b200_p060,60,2,0.6,0.596917,128934,iters,10,2.104742289,2.030411046,0.03660896287,0.002137599979,0,3,,CP6K1WQJ4,2026-08-10T12:47:29,
taufactor,gpu,sor,1,n60_b200_p060,60,2,0.6,0.596917,128934,iters,18,2.051617146,2.030411046,0.01044423964,0.003420499968,0,3,,CP6K1WQJ4,2026-08-10T12:47:29,
taufactor,gpu,sor,1,n60_b200_p060,60,2,0.6,0.596917,128934,iters,33,2.019473076,2.030411046,0.005387071822,0.004578200052,0,3,,CP6K1WQJ4,2026-08-10T12:47:29,
taufactor,gpu,sor,1,n60_b200_p060,60,2,0.6,0.596917,128934,iters,59,2.032058716,2.030411046,0.0008114956937,0.007552099996,0,3,target_reached,CP6K1WQJ4,2026-08-10T12:47:30,
taufactor,gpu,sor,1,n60_b200_p080,60,2,0.8,0.795111,171744,iters,1,1.217079401,1.353895943,0.1010539567,0.0006721999962,0,3,,CP6K1WQJ4,2026-08-10T12:47:30,
taufactor,gpu,sor,1,n60_b200_p080,60,2,0.8,0.795111,171744,iters,2,1.344786286,1.353895943,0.006728476212,0.0008492000634,0,3,,CP6K1WQJ4,2026-08-10T12:47:30,
taufactor,gpu,sor,1,n60_b200_p080,60,2,0.8,0.795111,171744,iters,3,1.396071434,1.353895943,0.0311512057,0.0009509000229,0,3,,CP6K1WQJ4,2026-08-10T12:47:30,
taufactor,gpu,sor,1,n60_b200_p080,60,2,0.8,0.795111,171744,iters,6,1.384396434,1.353895943,0.02252794315,0.001553099952,0,3,,CP6K1WQJ4,2026-08-10T12:47:30,
taufactor,gpu,sor,1,n60_b200_p080,60,2,0.8,0.795111,171744,iters,10,1.364430547,1.353895943,0.007780955261,0.002572000027,0,3,,CP6K1WQJ4,2026-08-10T12:47:30,
taufactor,gpu,sor,1,n60_b200_p080,60,2,0.8,0.795111,171744,iters,18,1.354473472,1.353895943,0.0004265679682,0.003499199986,0,3,target_reached,CP6K1WQJ4,2026-08-10T12:47:30,
taufactor,gpu,sor,1,n60_b200_p095,60,2,0.95,0.950032,205207,iters,1,1.049740314,1.069269012,0.01826359625,0.0008380999789,0,3,,CP6K1WQJ4,2026-08-10T12:47:30,
taufactor,gpu,sor,1,n60_b200_p095,60,2,0.95,0.950032,205207,iters,2,1.072216392,1.069269012,0.002756443449,0.0007524000248,0,3,,CP6K1WQJ4,2026-08-10T12:47:30,
taufactor,gpu,sor,1,n60_b200_p095,60,2,0.95,0.950032,205207,iters,3,1.077887893,1.069269012,0.0080605354,0.0009182000067,0,3,,CP6K1WQJ4,2026-08-10T12:47:30,
taufactor,gpu,sor,1,n60_b200_p095,60,2,0.95,0.950032,205207,iters,6,1.072989225,1.069269012,0.003479211822,0.001293200068,0,3,,CP6K1WQJ4,2026-08-10T12:47:30,
taufactor,gpu,sor,1,n60_b200_p095,60,2,0.95,0.950032,205207,iters,10,1.06931603,1.069269012,4.397167422e-05,0.001833399991,0,3,target_reached,CP6K1WQJ4,2026-08-10T12:47:30,
taufactor,gpu,sor,1,n80_b050_p020,80,0.5,0.2,0.131061,67103,iters,1,1.175923109,16.01668283,0.9265813576,0.0007249999326,0,3,,CP6K1WQJ4,2026-08-10T12:47:30,
taufactor,gpu,sor,1,n80_b050_p020,80,0.5,0.2,0.131061,67103,iters,2,1.316524506,16.01668283,0.9178029234,0.0008666999638,0,3,,CP6K1WQJ4,2026-08-10T12:47:30,
taufactor,gpu,sor,1,n80_b050_p020,80,0.5,0.2,0.131061,67103,iters,3,1.458855391,16.01668283,0.9089165087,0.001009600004,0,3,,CP6K1WQJ4,2026-08-10T12:47:30,
taufactor,gpu,sor,1,n80_b050_p020,80,0.5,0.2,0.131061,67103,iters,6,2.08757329,16.01668283,0.8696625692,0.001342899981,0,3,,CP6K1WQJ4,2026-08-10T12:47:30,
taufactor,gpu,sor,1,n80_b050_p020,80,0.5,0.2,0.131061,67103,iters,10,3.589516878,16.01668283,0.7758888706,0.001754900091,0,3,,CP6K1WQJ4,2026-08-10T12:47:30,
taufactor,gpu,sor,1,n80_b050_p020,80,0.5,0.2,0.131061,67103,iters,18,6.613144398,16.01668283,0.5871089871,0.002734499983,0,3,,CP6K1WQJ4,2026-08-10T12:47:31,
taufactor,gpu,sor,1,n80_b050_p020,80,0.5,0.2,0.131061,67103,iters,33,4.999669552,16.01668283,0.6878461286,0.007255900069,0,3,,CP6K1WQJ4,2026-08-10T12:47:31,
taufactor,gpu,sor,1,n80_b050_p020,80,0.5,0.2,0.131061,67103,iters,59,6.996327877,16.01668283,0.5631849646,0.009151500068,0,3,,CP6K1WQJ4,2026-08-10T12:47:31,
taufactor,gpu,sor,1,n80_b050_p020,80,0.5,0.2,0.131061,67103,iters,106,7.303497791,16.01668283,0.5440068416,0.01820009993,0,3,,CP6K1WQJ4,2026-08-10T12:47:31,
taufactor,gpu,sor,1,n80_b050_p020,80,0.5,0.2,0.131061,67103,iters,189,8.386045456,16.01668283,0.4764180858,0.02763490006,0,3,,CP6K1WQJ4,2026-08-10T12:47:31,
taufactor,gpu,sor,1,n80_b050_p020,80,0.5,0.2,0.131061,67103,iters,339,9.945135117,16.01668283,0.3790764778,0.06354500004,0,3,,CP6K1WQJ4,2026-08-10T12:47:31,
taufactor,gpu,sor,1,n80_b050_p020,80,0.5,0.2,0.131061,67103,iters,607,12.14920235,16.01668283,0.2414657594,0.1296841,0,3,,CP6K1WQJ4,2026-08-10T12:47:32,
taufactor,gpu,sor,1,n80_b050_p020,80,0.5,0.2,0.131061,67103,iters,1086,14.45525742,16.01668283,0.09748744049,0.1874391,0,3,,CP6K1WQJ4,2026-08-10T12:47:32,
taufactor,gpu,sor,1,n80_b050_p020,80,0.5,0.2,0.131061,67103,iters,1945,15.72633076,16.01668283,0.0181281028,0.4024655999,0,3,,CP6K1WQJ4,2026-08-10T12:47:34,
taufactor,gpu,sor,1,n80_b050_p020,80,0.5,0.2,0.131061,67103,iters,3484,16.00573349,16.01668283,0.0006836209548,0.5294788999,0,3,target_reached,CP6K1WQJ4,2026-08-10T12:47:35,
taufactor,gpu,sor,1,n80_b050_p040,80,0.5,0.4,0.393346,201393,iters,1,1.122759342,3.148090579,0.6433522753,0.0008756000316,0,3,,CP6K1WQJ4,2026-08-10T12:47:36,
taufactor,gpu,sor,1,n80_b050_p040,80,0.5,0.4,0.393346,201393,iters,2,1.211213708,3.148090579,0.6152544924,0.0008975000819,0,3,,CP6K1WQJ4,2026-08-10T12:47:36,
taufactor,gpu,sor,1,n80_b050_p040,80,0.5,0.4,0.393346,201393,iters,3,1.292763114,3.148090579,0.5893500897,0.00107150001,0,3,,CP6K1WQJ4,2026-08-10T12:47:36,
taufactor,gpu,sor,1,n80_b050_p040,80,0.5,0.4,0.393346,201393,iters,6,1.592774272,3.148090579,0.494050685,0.001424600021,0,3,,CP6K1WQJ4,2026-08-10T12:47:36,
taufactor,gpu,sor,1,n80_b050_p040,80,0.5,0.4,0.393346,201393,iters,10,2.105830908,3.148090579,0.3310767734,0.001944500022,0,3,,CP6K1WQJ4,2026-08-10T12:47:36,
taufactor,gpu,sor,1,n80_b050_p040,80,0.5,0.4,0.393346,201393,iters,18,2.825373173,3.148090579,0.1025121095,0.003431199933,0,3,,CP6K1WQJ4,2026-08-10T12:47:36,
taufactor,gpu,sor,1,n80_b050_p040,80,0.5,0.4,0.393346,201393,iters,33,2.942133904,3.148090579,0.06542272858,0.005347199971,0,3,,CP6K1WQJ4,2026-08-10T12:47:36,
taufactor,gpu,sor,1,n80_b050_p040,80,0.5,0.4,0.393346,201393,iters,59,3.151861429,3.148090579,0.001197821384,0.009064499987,0,3,,CP6K1WQJ4,2026-08-10T12:47:36,
taufactor,gpu,sor,1,n80_b050_p040,80,0.5,0.4,0.393346,201393,iters,106,2.957886934,3.148090579,0.06041873318,0.01614110009,0,3,,CP6K1WQJ4,2026-08-10T12:47:36,
taufactor,gpu,sor,1,n80_b050_p040,80,0.5,0.4,0.393346,201393,iters,189,3.061329365,3.148090579,0.0275599485,0.02625949995,0,3,,CP6K1WQJ4,2026-08-10T12:47:37,
taufactor,gpu,sor,1,n80_b050_p040,80,0.5,0.4,0.393346,201393,iters,339,3.137382507,3.148090579,0.003401449675,0.04941470001,0,3,,CP6K1WQJ4,2026-08-10T12:47:37,
taufactor,gpu,sor,1,n80_b050_p040,80,0.5,0.4,0.393346,201393,iters,607,3.147193909,3.148090579,0.0002848298948,0.08324059995,0,3,target_reached,CP6K1WQJ4,2026-08-10T12:47:37,
taufactor,gpu,sor,1,n80_b050_p060,80,0.5,0.6,0.599844,307120,iters,1,1.07777524,1.705469707,0.3680478548,0.0007864000509,0,3,,CP6K1WQJ4,2026-08-10T12:47:37,
taufactor,gpu,sor,1,n80_b050_p060,80,0.5,0.6,0.599844,307120,iters,2,1.129490852,1.705469707,0.337724471,0.001230899943,0,3,,CP6K1WQJ4,2026-08-10T12:47:37,
taufactor,gpu,sor,1,n80_b050_p060,80,0.5,0.6,0.599844,307120,iters,3,1.17420733,1.705469707,0.3115050212,0.0009841000428,0,3,,CP6K1WQJ4,2026-08-10T12:47:37,
taufactor,gpu,sor,1,n80_b050_p060,80,0.5,0.6,0.599844,307120,iters,6,1.309615493,1.705469707,0.2321086165,0.001385800075,0,3,,CP6K1WQJ4,2026-08-10T12:47:37,
taufactor,gpu,sor,1,n80_b050_p060,80,0.5,0.6,0.599844,307120,iters,10,1.478199959,1.705469707,0.1332593287,0.001819500001,0,3,,CP6K1WQJ4,2026-08-10T12:47:38,
taufactor,gpu,sor,1,n80_b050_p060,80,0.5,0.6,0.599844,307120,iters,18,1.657283545,1.705469707,0.02825389525,0.002909800038,0,3,,CP6K1WQJ4,2026-08-10T12:47:38,
taufactor,gpu,sor,1,n80_b050_p060,80,0.5,0.6,0.599844,307120,iters,33,1.660015345,1.705469707,0.02665210774,0.004547200049,0,3,,CP6K1WQJ4,2026-08-10T12:47:38,
taufactor,gpu,sor,1,n80_b050_p060,80,0.5,0.6,0.599844,307120,iters,59,1.711220741,1.705469707,0.003372111653,0.008438299992,0,3,,CP6K1WQJ4,2026-08-10T12:47:38,
taufactor,gpu,sor,1,n80_b050_p060,80,0.5,0.6,0.599844,307120,iters,106,1.677538991,1.705469707,0.01637713992,0.01755549992,0,3,,CP6K1WQJ4,2026-08-10T12:47:38,
taufactor,gpu,sor,1,n80_b050_p060,80,0.5,0.6,0.599844,307120,iters,189,1.70689702,1.705469707,0.0008369033669,0.02474490006,0,3,target_reached,CP6K1WQJ4,2026-08-10T12:47:38,
taufactor,gpu,sor,1,n80_b050_p080,80,0.5,0.8,0.805873,412607,iters,1,1.03828311,1.237533279,0.1610059081,0.0007576999487,0,3,,CP6K1WQJ4,2026-08-10T12:47:38,
taufactor,gpu,sor,1,n80_b050_p080,80,0.5,0.8,0.805873,412607,iters,2,1.062655091,1.237533279,0.1413119071,0.0008661000757,0,3,,CP6K1WQJ4,2026-08-10T12:47:38,
taufactor,gpu,sor,1,n80_b050_p080,80,0.5,0.8,0.805873,412607,iters,3,1.08203578,1.237533279,0.1256511657,0.0009752999758,0,3,,CP6K1WQJ4,2026-08-10T12:47:38,
taufactor,gpu,sor,1,n80_b050_p080,80,0.5,0.8,0.805873,412607,iters,6,1.133513689,1.237533279,0.08405397392,0.001316400012,0,3,,CP6K1WQJ4,2026-08-10T12:47:38,
taufactor,gpu,sor,1,n80_b050_p080,80,0.5,0.8,0.805873,412607,iters,10,1.185233831,1.237533279,0.04226104339,0.001936599961,0,3,,CP6K1WQJ4,2026-08-10T12:47:39,
taufactor,gpu,sor,1,n80_b050_p080,80,0.5,0.8,0.805873,412607,iters,18,1.228290558,1.237533279,0.007468664718,0.003289200016,0,3,,CP6K1WQJ4,2026-08-10T12:47:39,
taufactor,gpu,sor,1,n80_b050_p080,80,0.5,0.8,0.805873,412607,iters,33,1.23337853,1.237533279,0.00335728301,0.004439300043,0,3,,CP6K1WQJ4,2026-08-10T12:47:39,
taufactor,gpu,sor,1,n80_b050_p080,80,0.5,0.8,0.805873,412607,iters,59,1.243371129,1.237533279,0.004717327716,0.0086207001,0,3,,CP6K1WQJ4,2026-08-10T12:47:39,
taufactor,gpu,sor,1,n80_b050_p080,80,0.5,0.8,0.805873,412607,iters,106,1.237293601,1.237533279,0.0001936739545,0.01515419991,0,3,target_reached,CP6K1WQJ4,2026-08-10T12:47:39,
taufactor,gpu,sor,1,n80_b050_p095,80,0.5,0.95,0.952598,487730,iters,1,1.011111498,1.04570752,0.03308384176,0.0007798000006,0,3,,CP6K1WQJ4,2026-08-10T12:47:39,
taufactor,gpu,sor,1,n80_b050_p095,80,0.5,0.95,0.952598,487730,iters,2,1.017901301,1.04570752,0.02659081826,0.002378999954,0,3,,CP6K1WQJ4,2026-08-10T12:47:39,
taufactor,gpu,sor,1,n80_b050_p095,80,0.5,0.95,0.952598,487730,iters,3,1.023030877,1.04570752,0.02168545454,0.003482599976,0,3,,CP6K1WQJ4,2026-08-10T12:47:39,
taufactor,gpu,sor,1,n80_b050_p095,80,0.5,0.95,0.952598,487730,iters,6,1.034144759,1.04570752,0.01105735648,0.004735900089,0,3,,CP6K1WQJ4,2026-08-10T12:47:39,
taufactor,gpu,sor,1,n80_b050_p095,80,0.5,0.95,0.952598,487730,iters,10,1.042904496,1.04570752,0.00268050459,0.006294699968,0,3,,CP6K1WQJ4,2026-08-10T12:47:40,
taufactor,gpu,sor,1,n80_b050_p095,80,0.5,0.95,0.952598,487730,iters,18,1.047872066,1.04570752,0.002069934907,0.003856599913,0,3,,CP6K1WQJ4,2026-08-10T12:47:40,
taufactor,gpu,sor,1,n80_b050_p095,80,0.5,0.95,0.952598,487730,iters,33,1.046772122,1.04570752,0.001018068975,0.006392700016,0,3,,CP6K1WQJ4,2026-08-10T12:47:40,
taufactor,gpu,sor,1,n80_b050_p095,80,0.5,0.95,0.952598,487730,iters,59,1.045627236,1.04570752,7.677446341e-05,0.009532000055,0,3,target_reached,CP6K1WQJ4,2026-08-10T12:47:40,
taufactor,gpu,sor,1,n80_b100_p020,80,1,0.2,0.175133,89668,iters,1,1.42602253,16.23461937,0.9121616284,0.0008844999829,0,3,,CP6K1WQJ4,2026-08-10T12:47:40,
taufactor,gpu,sor,1,n80_b100_p020,80,1,0.2,0.175133,89668,iters,2,1.885705352,16.23461937,0.8838466546,0.0008928999305,0,3,,CP6K1WQJ4,2026-08-10T12:47:40,
taufactor,gpu,sor,1,n80_b100_p020,80,1,0.2,0.175133,89668,iters,3,2.495805979,16.23461937,0.8462664309,0.0009630999994,0,3,,CP6K1WQJ4,2026-08-10T12:47:40,
taufactor,gpu,sor,1,n80_b100_p020,80,1,0.2,0.175133,89668,iters,6,6.312980175,16.23461937,0.611140857,0.002916599973,0,3,,CP6K1WQJ4,2026-08-10T12:47:40,
taufactor,gpu,sor,1,n80_b100_p020,80,1,0.2,0.175133,89668,iters,10,7.060912132,16.23461937,0.5650706696,0.002414799994,0,3,,CP6K1WQJ4,2026-08-10T12:47:40,
taufactor,gpu,sor,1,n80_b100_p020,80,1,0.2,0.175133,89668,iters,18,8.891443253,16.23461937,0.4523158782,0.003483899985,0,3,,CP6K1WQJ4,2026-08-10T12:47:41,
taufactor,gpu,sor,1,n80_b100_p020,80,1,0.2,0.175133,89668,iters,33,10.80823517,16.23461937,0.334247701,0.006168499938,0,3,,CP6K1WQJ4,2026-08-10T12:47:41,
taufactor,gpu,sor,1,n80_b100_p020,80,1,0.2,0.175133,89668,iters,59,14.88453674,16.23461937,0.08316071945,0.009505299968,0,3,,CP6K1WQJ4,2026-08-10T12:47:41,
taufactor,gpu,sor,1,n80_b100_p020,80,1,0.2,0.175133,89668,iters,106,14.33848381,16.23461937,0.1167958125,0.02786010003,0,3,,CP6K1WQJ4,2026-08-10T12:47:41,
taufactor,gpu,sor,1,n80_b100_p020,80,1,0.2,0.175133,89668,iters,189,14.40576839,16.23461937,0.1126512999,0.08993989998,0,3,,CP6K1WQJ4,2026-08-10T12:47:41,
taufactor,gpu,sor,1,n80_b100_p020,80,1,0.2,0.175133,89668,iters,339,15.51925564,16.23461937,0.04406409018,0.1567898,0,3,,CP6K1WQJ4,2026-08-10T12:47:42,
taufactor,gpu,sor,1,n80_b100_p020,80,1,0.2,0.175133,89668,iters,607,15.87994385,16.23461937,0.02184686405,0.2837950999,0,3,,CP6K1WQJ4,2026-08-10T12:47:43,
taufactor,gpu,sor,1,n80_b100_p020,80,1,0.2,0.175133,89668,iters,1086,16.09573174,16.23461937,0.008555028708,0.5053966,0,3,,CP6K1WQJ4,2026-08-10T12:47:44,
taufactor,gpu,sor,1,n80_b100_p020,80,1,0.2,0.175133,89668,iters,1945,16.20611763,16.23461937,0.001755614921,0.3325899,0,3,,CP6K1WQJ4,2026-08-10T12:47:45,
taufactor,gpu,sor,1,n80_b100_p020,80,1,0.2,0.175133,89668,iters,3484,16.23377419,16.23461937,5.206064892e-05,0.6461738,0,3,target_reached,CP6K1WQJ4,2026-08-10T12:47:47,
taufactor,gpu,sor,1,n80_b100_p040,80,1,0.4,0.395516,202504,iters,1,1.266953826,3.276563762,0.6133284996,0.001047100057,0,3,,CP6K1WQJ4,2026-08-10T12:47:48,
taufactor,gpu,sor,1,n80_b100_p040,80,1,0.4,0.395516,202504,iters,2,1.498326659,3.276563762,0.5427140236,0.002667199937,0,3,,CP6K1WQJ4,2026-08-10T12:47:48,
taufactor,gpu,sor,1,n80_b100_p040,80,1,0.4,0.395516,202504,iters,3,1.737480521,3.276563762,0.4697247948,0.003323900048,0,3,,CP6K1WQJ4,2026-08-10T12:47:48,
taufactor,gpu,sor,1,n80_b100_p040,80,1,0.4,0.395516,202504,iters,6,2.605895758,3.276563762,0.2046863889,0.004750899971,0,3,,CP6K1WQJ4,2026-08-10T12:47:48,
taufactor,gpu,sor,1,n80_b100_p040,80,1,0.4,0.395516,202504,iters,10,3.04007411,3.276563762,0.07217611777,0.006936400081,0,3,,CP6K1WQJ4,2026-08-10T12:47:48,
taufactor,gpu,sor,1,n80_b100_p040,80,1,0.4,0.395516,202504,iters,18,3.092607975,3.276563762,0.05614289858,0.003300100099,0,3,,CP6K1WQJ4,2026-08-10T12:47:48,
taufactor,gpu,sor,1,n80_b100_p040,80,1,0.4,0.395516,202504,iters,33,3.249466896,3.276563762,0.008269903445,0.005238399957,0,3,,CP6K1WQJ4,2026-08-10T12:47:48,
taufactor,gpu,sor,1,n80_b100_p040,80,1,0.4,0.395516,202504,iters,59,3.283670902,3.276563762,0.002169083457,0.01060230006,0,3,,CP6K1WQJ4,2026-08-10T12:47:48,
taufactor,gpu,sor,1,n80_b100_p040,80,1,0.4,0.395516,202504,iters,106,3.239982605,3.276563762,0.01116448807,0.01863800001,0,3,,CP6K1WQJ4,2026-08-10T12:47:49,
taufactor,gpu,sor,1,n80_b100_p040,80,1,0.4,0.395516,202504,iters,189,3.266680479,3.276563762,0.003016356057,0.05323139997,0,3,,CP6K1WQJ4,2026-08-10T12:47:49,
taufactor,gpu,sor,1,n80_b100_p040,80,1,0.4,0.395516,202504,iters,339,3.275199652,3.276563762,0.0004163234354,0.0709568999,0,3,target_reached,CP6K1WQJ4,2026-08-10T12:47:49,
taufactor,gpu,sor,1,n80_b100_p060,80,1,0.6,0.600371,307390,iters,1,1.160411596,1.734450324,0.3309629107,0.0009855999378,0,3,,CP6K1WQJ4,2026-08-10T12:47:50,
taufactor,gpu,sor,1,n80_b100_p060,80,1,0.6,0.600371,307390,iters,2,1.277735353,1.734450324,0.2633197187,0.001030100044,0,3,,CP6K1WQJ4,2026-08-10T12:47:50,
taufactor,gpu,sor,1,n80_b100_p060,80,1,0.6,0.600371,307390,iters,3,1.38008368,1.734450324,0.2043106331,0.002831100021,0,3,,CP6K1WQJ4,2026-08-10T12:47:50,
taufactor,gpu,sor,1,n80_b100_p060,80,1,0.6,0.600371,307390,iters,6,1.655604959,1.734450324,0.04545841664,0.004526000004,0,3,,CP6K1WQJ4,2026-08-10T12:47:50,
taufactor,gpu,sor,1,n80_b100_p060,80,1,0.6,0.600371,307390,iters,10,1.779883504,1.734450324,0.02619456971,0.006715500029,0,3,,CP6K1WQJ4,2026-08-10T12:47:50,
taufactor,gpu,sor,1,n80_b100_p060,80,1,0.6,0.600371,307390,iters,18,1.753765583,1.734450324,0.01113624228,0.009658299969,0,3,,CP6K1WQJ4,2026-08-10T12:47:50,
taufactor,gpu,sor,1,n80_b100_p060,80,1,0.6,0.600371,307390,iters,33,1.747153521,1.734450324,0.007324047514,0.01671250002,0,3,,CP6K1WQJ4,2026-08-10T12:47:50,
taufactor,gpu,sor,1,n80_b100_p060,80,1,0.6,0.600371,307390,iters,59,1.735002398,1.734450324,0.0003182993962,0.02892189997,0,3,target_reached,CP6K1WQJ4,2026-08-10T12:47:50,
taufactor,gpu,sor,1,n80_b100_p080,80,1,0.8,0.803791,411541,iters,1,1.077881813,1.242840898,0.1327274354,0.001680799993,0,3,,CP6K1WQJ4,2026-08-10T12:47:51,
taufactor,gpu,sor,1,n80_b100_p080,80,1,0.8,0.803791,411541,iters,2,1.127608061,1.242840898,0.09271728775,0.002557699918,0,3,,CP6K1WQJ4,2026-08-10T12:47:51,
taufactor,gpu,sor,1,n80_b100_p080,80,1,0.8,0.803791,411541,iters,3,1.164906979,1.242840898,0.06270627199,0.002531200065,0,3,,CP6K1WQJ4,2026-08-10T12:47:51,
taufactor,gpu,sor,1,n80_b100_p080,80,1,0.8,0.803791,411541,iters,6,1.24295783,1.242840898,9.408479337e-05,0.004330599913,0,3,target_reached,CP6K1WQJ4,2026-08-10T12:47:51,
taufactor,gpu,sor,1,n80_b100_p095,80,1,0.95,0.951486,487161,iters,1,1.02097702,1.049859037,0.02751037589,0.001859399956,0,3,,CP6K1WQJ4,2026-08-10T12:47:51,
taufactor,gpu,sor,1,n80_b100_p095,80,1,0.95,0.951486,487161,iters,2,1.033220887,1.049859037,0.01584798457,0.002281600027,0,3,,CP6K1WQJ4,2026-08-10T12:47:51,
taufactor,gpu,sor,1,n80_b100_p095,80,1,0.95,0.951486,487161,iters,3,1.040794969,1.049859037,0.008633605156,0.002957599936,0,3,,CP6K1WQJ4,2026-08-10T12:47:51,
taufactor,gpu,sor,1,n80_b100_p095,80,1,0.95,0.951486,487161,iters,6,1.052378058,1.049859037,0.002399390151,0.003719600034,0,3,,CP6K1WQJ4,2026-08-10T12:47:51,
taufactor,gpu,sor,1,n80_b100_p095,80,1,0.95,0.951486,487161,iters,10,1.055136323,1.049859037,0.005026661475,0.005769700045,0,3,,CP6K1WQJ4,2026-08-10T12:47:51,
taufactor,gpu,sor,1,n80_b100_p095,80,1,0.95,0.951486,487161,iters,18,1.051682234,1.049859037,0.001736611056,0.01014679996,0,3,,CP6K1WQJ4,2026-08-10T12:47:52,
taufactor,gpu,sor,1,n80_b100_p095,80,1,0.95,0.951486,487161,iters,33,1.049978733,1.049859037,0.0001140115563,0.01720220002,0,3,target_reached,CP6K1WQJ4,2026-08-10T12:47:52,
taufactor,gpu,sor,1,n80_b200_p020,80,2,0.2,0.167549,85785,iters,1,2.149481058,25.05938705,0.9142245158,0.001865099999,0,3,,CP6K1WQJ4,2026-08-10T12:47:52,
taufactor,gpu,sor,1,n80_b200_p020,80,2,0.2,0.167549,85785,iters,2,4.427749157,25.05938705,0.8233097582,0.001435699989,0,3,,CP6K1WQJ4,2026-08-10T12:47:52,
taufactor,gpu,sor,1,n80_b200_p020,80,2,0.2,0.167549,85785,iters,3,8.516801834,25.05938705,0.6601352692,0.001025300007,0,3,,CP6K1WQJ4,2026-08-10T12:47:52,
taufactor,gpu,sor,1,n80_b200_p020,80,2,0.2,0.167549,85785,iters,6,9.959992409,25.05938705,0.6025444521,0.001740399981,0,3,,CP6K1WQJ4,2026-08-10T12:47:52,
taufactor,gpu,sor,1,n80_b200_p020,80,2,0.2,0.167549,85785,iters,10,13.53707027,25.05938705,0.4598004234,0.001938099973,0,3,,CP6K1WQJ4,2026-08-10T12:47:52,
taufactor,gpu,sor,1,n80_b200_p020,80,2,0.2,0.167549,85785,iters,18,16.11836243,25.05938705,0.3567934286,0.002974799951,0,3,,CP6K1WQJ4,2026-08-10T12:47:52,
taufactor,gpu,sor,1,n80_b200_p020,80,2,0.2,0.167549,85785,iters,33,17.45101738,25.05938705,0.3036135583,0.004981099977,0,3,,CP6K1WQJ4,2026-08-10T12:47:52,
taufactor,gpu,sor,1,n80_b200_p020,80,2,0.2,0.167549,85785,iters,59,19.16997337,25.05938705,0.2350182654,0.00821260002,0,3,,CP6K1WQJ4,2026-08-10T12:47:53,
taufactor,gpu,sor,1,n80_b200_p020,80,2,0.2,0.167549,85785,iters,106,22.30798531,25.05938705,0.1097952531,0.01929329999,0,3,,CP6K1WQJ4,2026-08-10T12:47:53,
taufactor,gpu,sor,1,n80_b200_p020,80,2,0.2,0.167549,85785,iters,189,22.7750206,25.05938705,0.09115811357,0.04174440005,0,3,,CP6K1WQJ4,2026-08-10T12:47:53,
taufactor,gpu,sor,1,n80_b200_p020,80,2,0.2,0.167549,85785,iters,339,23.46583366,25.05938705,0.06359107599,0.05919110007,0,3,,CP6K1WQJ4,2026-08-10T12:47:53,
taufactor,gpu,sor,1,n80_b200_p020,80,2,0.2,0.167549,85785,iters,607,24.21772385,25.05938705,0.03358674344,0.1011209999,0,3,,CP6K1WQJ4,2026-08-10T12:47:54,
taufactor,gpu,sor,1,n80_b200_p020,80,2,0.2,0.167549,85785,iters,1086,24.73021507,25.05938705,0.01313567553,0.190163,0,3,,CP6K1WQJ4,2026-08-10T12:47:55,
taufactor,gpu,sor,1,n80_b200_p020,80,2,0.2,0.167549,85785,iters,1945,24.98283577,25.05938705,0.003054794604,0.3309388,0,3,,CP6K1WQJ4,2026-08-10T12:47:56,
taufactor,gpu,sor,1,n80_b200_p020,80,2,0.2,0.167549,85785,iters,3484,25.05140114,25.05938705,0.0003186794505,0.5245769999,0,3,target_reached,CP6K1WQJ4,2026-08-10T12:47:58,
taufactor,gpu,sor,1,n80_b200_p040,80,2,0.4,0.398574,204070,iters,1,1.639098406,3.570944234,0.540990198,0.0007907000836,0,3,,CP6K1WQJ4,2026-08-10T12:47:58,
taufactor,gpu,sor,1,n80_b200_p040,80,2,0.4,0.398574,204070,iters,2,2.37389493,3.570944234,0.3352192657,0.0009654999012,0,3,,CP6K1WQJ4,2026-08-10T12:47:58,
taufactor,gpu,sor,1,n80_b200_p040,80,2,0.4,0.398574,204070,iters,3,3.094963074,3.570944234,0.1332928013,0.001028400031,0,3,,CP6K1WQJ4,2026-08-10T12:47:58,
taufactor,gpu,sor,1,n80_b200_p040,80,2,0.4,0.398574,204070,iters,6,3.589967012,3.570944234,0.005327100385,0.001407700009,0,3,,CP6K1WQJ4,2026-08-10T12:47:58,
taufactor,gpu,sor,1,n80_b200_p040,80,2,0.4,0.398574,204070,iters,10,3.710712671,3.570944234,0.03914047045,0.001973900013,0,3,,CP6K1WQJ4,2026-08-10T12:47:58,
taufactor,gpu,sor,1,n80_b200_p040,80,2,0.4,0.398574,204070,iters,18,3.786143541,3.570944234,0.06026397872,0.002887199982,0,3,,CP6K1WQJ4,2026-08-10T12:47:58,
taufactor,gpu,sor,1,n80_b200_p040,80,2,0.4,0.398574,204070,iters,33,3.639766455,3.570944234,0.01927283547,0.005024100072,0,3,,CP6K1WQJ4,2026-08-10T12:47:58,
taufactor,gpu,sor,1,n80_b200_p040,80,2,0.4,0.398574,204070,iters,59,3.597969055,3.570944234,0.007567976256,0.009283899912,0,3,,CP6K1WQJ4,2026-08-10T12:47:58,
taufactor,gpu,sor,1,n80_b200_p040,80,2,0.4,0.398574,204070,iters,106,3.563799143,3.570944234,0.002000896876,0.01380469999,0,3,,CP6K1WQJ4,2026-08-10T12:47:59,
taufactor,gpu,sor,1,n80_b200_p040,80,2,0.4,0.398574,204070,iters,189,3.571971178,3.570944234,0.0002875833358,0.0243546,0,3,target_reached,CP6K1WQJ4,2026-08-10T12:47:59,
taufactor,gpu,sor,1,n80_b200_p060,80,2,0.6,0.599674,307033,iters,1,1.350562215,1.896744487,0.2879577486,0.0007485999959,0,3,,CP6K1WQJ4,2026-08-10T12:47:59,
taufactor,gpu,sor,1,n80_b200_p060,80,2,0.6,0.599674,307033,iters,2,1.638673067,1.896744487,0.1360601924,0.0009022000013,0,3,,CP6K1WQJ4,2026-08-10T12:47:59,
taufactor,gpu,sor,1,n80_b200_p060,80,2,0.6,0.599674,307033,iters,3,1.848905444,1.896744487,0.0252216591,0.0009917999851,0,3,,CP6K1WQJ4,2026-08-10T12:47:59,
taufactor,gpu,sor,1,n80_b200_p060,80,2,0.6,0.599674,307033,iters,6,1.9962672,1.896744487,0.05247027905,0.001356199966,0,3,,CP6K1WQJ4,2026-08-10T12:47:59,
taufactor,gpu,sor,1,n80_b200_p060,80,2,0.6,0.599674,307033,iters,10,1.973248482,1.896744487,0.04033437043,0.002061599982,0,3,,CP6K1WQJ4,2026-08-10T12:47:59,
taufactor,gpu,sor,1,n80_b200_p060,80,2,0.6,0.599674,307033,iters,18,1.931363344,1.896744487,0.01825172417,0.002834000043,0,3,,CP6K1WQJ4,2026-08-10T12:47:59,
taufactor,gpu,sor,1,n80_b200_p060,80,2,0.6,0.599674,307033,iters,33,1.893942118,1.896744487,0.001477462741,0.004630999989,0,3,,CP6K1WQJ4,2026-08-10T12:47:59,
taufactor,gpu,sor,1,n80_b200_p060,80,2,0.6,0.599674,307033,iters,59,1.894690514,1.896744487,0.001082894087,0.008256000001,0,3,,CP6K1WQJ4,2026-08-10T12:48:00,
taufactor,gpu,sor,1,n80_b200_p060,80,2,0.6,0.599674,307033,iters,106,1.894236803,1.896744487,0.001322098977,0.01546899998,0,3,,CP6K1WQJ4,2026-08-10T12:48:00,
taufactor,gpu,sor,1,n80_b200_p060,80,2,0.6,0.599674,307033,iters,189,1.896583557,1.896744487,8.484530847e-05,0.02650740009,0,3,target_reached,CP6K1WQJ4,2026-08-10T12:48:00,
taufactor,gpu,sor,1,n80_b200_p080,80,2,0.8,0.799822,409509,iters,1,1.158816218,1.307557377,0.1137549764,0.000754000037,0,3,,CP6K1WQJ4,2026-08-10T12:48:00,
taufactor,gpu,sor,1,n80_b200_p080,80,2,0.8,0.799822,409509,iters,2,1.258159876,1.307557377,0.03777845776,0.0009190000128,0,3,,CP6K1WQJ4,2026-08-10T12:48:00,
taufactor,gpu,sor,1,n80_b200_p080,80,2,0.8,0.799822,409509,iters,3,1.314463258,1.307557377,0.005281512621,0.001584999962,0,3,,CP6K1WQJ4,2026-08-10T12:48:00,
taufactor,gpu,sor,1,n80_b200_p080,80,2,0.8,0.799822,409509,iters,6,1.347299576,1.307557377,0.03039422935,0.001488100039,0,3,,CP6K1WQJ4,2026-08-10T12:48:00,
taufactor,gpu,sor,1,n80_b200_p080,80,2,0.8,0.799822,409509,iters,10,1.324983597,1.307557377,0.01332730793,0.001997100073,0,3,,CP6K1WQJ4,2026-08-10T12:48:00,
taufactor,gpu,sor,1,n80_b200_p080,80,2,0.8,0.799822,409509,iters,18,1.31027019,1.307557377,0.002074718316,0.00400299998,0,3,,CP6K1WQJ4,2026-08-10T12:48:00,
taufactor,gpu,sor,1,n80_b200_p080,80,2,0.8,0.799822,409509,iters,33,1.307444453,1.307557377,8.636237502e-05,0.004509899998,0,3,target_reached,CP6K1WQJ4,2026-08-10T12:48:01,
taufactor,gpu,sor,1,n80_b200_p095,80,2,0.95,0.950758,486788,iters,1,1.040004015,1.063353233,0.02195810132,0.001015699934,0,3,,CP6K1WQJ4,2026-08-10T12:48:01,
taufactor,gpu,sor,1,n80_b200_p095,80,2,0.95,0.950758,486788,iters,2,1.06006968,1.063353233,0.003087922888,0.0008981999708,0,3,,CP6K1WQJ4,2026-08-10T12:48:01,
taufactor,gpu,sor,1,n80_b200_p095,80,2,0.95,0.950758,486788,iters,3,1.068126678,1.063353233,0.004489049658,0.001045799931,0,3,,CP6K1WQJ4,2026-08-10T12:48:01,
taufactor,gpu,sor,1,n80_b200_p095,80,2,0.95,0.950758,486788,iters,6,1.069331288,1.063353233,0.005621890405,0.001297899988,0,3,,CP6K1WQJ4,2026-08-10T12:48:01,
taufactor,gpu,sor,1,n80_b200_p095,80,2,0.95,0.950758,486788,iters,10,1.064875007,1.063353233,0.001431108336,0.001860999968,0,3,,CP6K1WQJ4,2026-08-10T12:48:01,
taufactor,gpu,sor,1,n80_b200_p095,80,2,0.95,0.950758,486788,iters,18,1.063746214,1.063353233,0.0003695676101,0.004130800022,0,3,target_reached,CP6K1WQJ4,2026-08-10T12:48:01,
